<?xml version="1.0" encoding="UTF-8"?>
<project-private xmlns="http://www.netbeans.org/ns/project-private/1">
    <editor-bookmarks xmlns="http://www.netbeans.org/ns/editor-bookmarks/2" lastBookmarkId="0"/>
    <open-files xmlns="http://www.netbeans.org/ns/projectui-open-files/2">
        <group>
            <file>file:/C:/Users/riand/OneDrive/Documents/NetBeansProjects/KODE_PROJECT/KODE_PROJECT/src/kode_project/tesbang.java</file>
            <file>file:/C:/Users/riand/OneDrive/Documents/NetBeansProjects/KODE_PROJECT/KODE_PROJECT/src/kode_project/QUIZ.java</file>
            <file>file:/C:/Users/riand/OneDrive/Documents/NetBeansProjects/KODE_PROJECT/KODE_PROJECT/src/kode_project/login.java</file>
            <file>file:/C:/Users/riand/OneDrive/Documents/NetBeansProjects/KODE_PROJECT/KODE_PROJECT/src/kode_project/register.java</file>
            <file>file:/C:/Users/riand/OneDrive/Documents/NetBeansProjects/KODE_PROJECT/KODE_PROJECT/src/kode_project/homepage.java</file>
        </group>
    </open-files>
</project-private>
